"Date","Year","Month","Temp","Prec"
1961-01-01,1961,1,-5.00652599334717,75.1810531616211
1961-02-01,1961,2,-0.537731230258942,85.0991897583008
1961-03-01,1961,3,0.898351073265076,91.6043853759766
1961-04-01,1961,4,6.67396020889282,97.8112869262695
1961-05-01,1961,5,5.29431915283203,80.0592880249023
1961-06-01,1961,6,11.3628807067871,90.9083862304688
1961-07-01,1961,7,10.363655090332,54.2670059204102
1961-08-01,1961,8,11.4471187591553,82.353874206543
1961-09-01,1961,9,12.6693620681763,39.0075225830078
1961-10-01,1961,10,5.81867980957031,55.6270294189453
1961-11-01,1961,11,-0.263906717300415,42.5115242004395
1961-12-01,1961,12,-5.07801294326782,97.3406829833984
1962-01-01,1962,1,-3.70223712921143,119.825691223145
1962-02-01,1962,2,-6.46474933624268,150.245010375977
1962-03-01,1962,3,-5.73515129089355,98.921745300293
1962-04-01,1962,4,3.89364433288574,66.6624221801758
1962-05-01,1962,5,4.50933122634888,195.083236694336
1962-06-01,1962,6,8.6177282333374,41.4058113098145
1962-07-01,1962,7,10.6462831497192,100.772155761719
1962-08-01,1962,8,12.823299407959,65.8754196166992
1962-09-01,1962,9,8.04344844818115,102.037223815918
1962-10-01,1962,10,5.19791793823242,16.2663822174072
1962-11-01,1962,11,-1.59208548069,29.8752098083496
1962-12-01,1962,12,-7.04610967636108,125.42594909668
1963-01-01,1963,1,-11.856502532959,41.9057197570801
1963-02-01,1963,2,-8.93714809417725,21.3164653778076
1963-03-01,1963,3,-2.16368222236633,53.4371719360352
1963-04-01,1963,4,3.50603938102722,29.9930801391602
1963-05-01,1963,5,7.11114454269409,108.685829162598
1963-06-01,1963,6,11.0605220794678,220.571548461914
1963-07-01,1963,7,13.5231523513794,59.1219940185547
1963-08-01,1963,8,11.7201547622681,108.074340820312
1963-09-01,1963,9,10.0323915481567,105.251625061035
1963-10-01,1963,10,3.71561789512634,49.1145362854004
1963-11-01,1963,11,2.68631362915039,159.589218139648
1963-12-01,1963,12,-7.2371973991394,6.4212703704834
1964-01-01,1964,1,-5.97054815292358,17.2356719970703
1964-02-01,1964,2,-5.28848886489868,44.4776153564453
1964-03-01,1964,3,-4.66073274612427,28.4211406707764
1964-04-01,1964,4,3.96819996833801,57.4031448364258
1964-05-01,1964,5,8.07049369812012,91.4871520996094
1964-06-01,1964,6,12.7915334701538,122.346061706543
1964-07-01,1964,7,13.3340654373169,33.1169586181641
1964-08-01,1964,8,11.0216856002808,170.444076538086
1964-09-01,1964,9,8.80898475646973,43.1572380065918
1964-10-01,1964,10,2.85521697998047,148.904556274414
1964-11-01,1964,11,-0.385944008827209,98.1116256713867
1964-12-01,1964,12,-3.57404065132141,58.1947250366211
1965-01-01,1965,1,-3.75802159309387,103.470443725586
1965-02-01,1965,2,-9.38386726379395,133.605911254883
1965-03-01,1965,3,-2.56689143180847,76.0482330322266
1965-04-01,1965,4,1.11279940605164,89.3005065917969
1965-05-01,1965,5,5.1767110824585,178.46696472168
1965-06-01,1965,6,10.735499382019,132.884735107422
1965-07-01,1965,7,10.6386461257935,110.707695007324
1965-08-01,1965,8,10.1861715316772,67.8157958984375
1965-09-01,1965,9,8.40465450286865,95.8393402099609
1965-10-01,1965,10,4.62592029571533,27.0712947845459
1965-11-01,1965,11,-3.03472590446472,80.6302642822266
1965-12-01,1965,12,-3.05524587631226,178.242141723633
1966-01-01,1966,1,-7.80756092071533,73.7446594238281
1966-02-01,1966,2,1.0896669626236,86.6026458740234
1966-03-01,1966,3,-2.85692954063416,104.818016052246
1966-04-01,1966,4,4.72765350341797,91.7244415283203
1966-05-01,1966,5,7.89225435256958,70.2706756591797
1966-06-01,1966,6,11.6736545562744,191.663711547852
1966-07-01,1966,7,11.1839332580566,162.682861328125
1966-08-01,1966,8,10.7466745376587,172.057250976562
1966-09-01,1966,9,8.81005382537842,47.9039764404297
1966-10-01,1966,10,7.21678352355957,54.3453025817871
1966-11-01,1966,11,-2.04546189308167,38.9508666992188
1966-12-01,1966,12,-4.08553886413574,233.236343383789
1967-01-01,1967,1,-5.29360294342041,97.0878982543945
1967-02-01,1967,2,-3.20964789390564,122.255485534668
1967-03-01,1967,3,-0.936381459236145,117.102363586426
1967-04-01,1967,4,1.33180463314056,49.2428092956543
1967-05-01,1967,5,7.42636585235596,100.515487670898
1967-06-01,1967,6,10.2529621124268,80.449104309082
1967-07-01,1967,7,14.5214700698853,45.7609672546387
1967-08-01,1967,8,11.8071594238281,68.0370864868164
1967-09-01,1967,9,9.7674388885498,133.242446899414
1967-10-01,1967,10,6.77245473861694,41.054500579834
1967-11-01,1967,11,-0.327708572149277,20.1752433776855
1967-12-01,1967,12,-5.46503162384033,131.750640869141
1968-01-01,1968,1,-7.01075601577759,137.848617553711
1968-02-01,1968,2,-3.51415848731995,16.7957649230957
1968-03-01,1968,3,-1.27712082862854,87.8414535522461
1968-04-01,1968,4,4.25571584701538,42.7372550964355
1968-05-01,1968,5,7.01544427871704,65.8565673828125
1968-06-01,1968,6,11.3589878082275,103.157402038574
1968-07-01,1968,7,11.3526639938354,81.2059478759766
1968-08-01,1968,8,10.9517116546631,154.834350585938
1968-09-01,1968,9,8.40721893310547,113.621696472168
1968-10-01,1968,10,5.45686817169189,37.6491470336914
1968-11-01,1968,11,0.225125923752785,26.8934440612793
1968-12-01,1968,12,-5.60530996322632,41.7096481323242
1969-01-01,1969,1,-3.12175464630127,38.2292327880859
1969-02-01,1969,2,-6.15482091903687,48.2289924621582
1969-03-01,1969,3,-3.64765644073486,64.4260559082031
1969-04-01,1969,4,2.04009222984314,82.9452590942383
1969-05-01,1969,5,9.61999416351318,46.793628692627
1969-06-01,1969,6,9.445143699646,239.508224487305
1969-07-01,1969,7,13.552300453186,39.2477531433105
1969-08-01,1969,8,10.9160194396973,108.235076904297
1969-09-01,1969,9,9.51448535919189,62.657039642334
1969-10-01,1969,10,6.23434734344482,14.8916091918945
1969-11-01,1969,11,0.19465871155262,114.814323425293
1969-12-01,1969,12,-8.16829013824463,28.7947616577148
1970-01-01,1970,1,-5.395676612854,23.3095245361328
1970-02-01,1970,2,-6.49161672592163,266.269226074219
1970-03-01,1970,3,-3.84140396118164,153.523788452148
1970-04-01,1970,4,0.313625603914261,81.3327713012695
1970-05-01,1970,5,5.20967531204224,97.1855392456055
1970-06-01,1970,6,11.7041530609131,67.8509826660156
1970-07-01,1970,7,12.1185083389282,73.8456954956055
1970-08-01,1970,8,12.2872161865234,101.851829528809
1970-09-01,1970,9,8.5516185760498,54.8056335449219
1970-10-01,1970,10,3.76988291740417,132.547454833984
1970-11-01,1970,11,1.91431093215942,65.5165557861328
1970-12-01,1970,12,-4.54172515869141,48.7732467651367
1971-01-01,1971,1,-4.09751176834106,23.2191505432129
1971-02-01,1971,2,-5.42180490493774,56.2704620361328
1971-03-01,1971,3,-4.73488426208496,43.8076438903809
1971-04-01,1971,4,3.3958945274353,39.6957206726074
1971-05-01,1971,5,9.02087497711182,72.2065124511719
1971-06-01,1971,6,9.00800800323486,135.570739746094
1971-07-01,1971,7,13.4492406845093,29.0989570617676
1971-08-01,1971,8,14.1753053665161,106.99494934082
1971-09-01,1971,9,6.59288454055786,59.9222793579102
1971-10-01,1971,10,4.24835443496704,18.7850017547607
1971-11-01,1971,11,-1.16267585754395,131.795257568359
1971-12-01,1971,12,-1.39691150188446,43.4206314086914
1972-01-01,1972,1,-6.28098964691162,9.27579784393311
1972-02-01,1972,2,-1.1784884929657,14.427339553833
1972-03-01,1972,3,0.3827123939991,45.5597381591797
1972-04-01,1972,4,1.93959879875183,103.978668212891
1972-05-01,1972,5,6.71685934066772,111.366271972656
1972-06-01,1972,6,10.9363212585449,52.6856536865234
1972-07-01,1972,7,13.1467275619507,136.241653442383
1972-08-01,1972,8,11.5656061172485,50.2107162475586
1972-09-01,1972,9,5.65748691558838,54.1067581176758
1972-10-01,1972,10,1.45412278175354,37.0593376159668
1972-11-01,1972,11,-0.742980241775513,79.2854461669922
1972-12-01,1972,12,-1.95598375797272,8.21127223968506
1973-01-01,1973,1,-4.11724996566772,34.0766181945801
1973-02-01,1973,2,-4.89051914215088,98.7318801879883
1973-03-01,1973,3,-1.69812393188477,39.8399505615234
1973-04-01,1973,4,-0.0656220987439156,77.8882827758789
1973-05-01,1973,5,7.90012884140015,56.3436088562012
1973-06-01,1973,6,10.6777315139771,174.170303344727
1973-07-01,1973,7,11.8884029388428,99.6689376831055
1973-08-01,1973,8,13.8400001525879,23.0207290649414
1973-09-01,1973,9,10.2321281433105,27.5794353485107
1973-10-01,1973,10,2.34832954406738,75.8495330810547
1973-11-01,1973,11,-2.52906894683838,124.15251159668
1973-12-01,1973,12,-5.34876680374146,163.389343261719
1974-01-01,1974,1,-1.58328151702881,60.8057022094727
1974-02-01,1974,2,-2.12048721313477,84.1631774902344
1974-03-01,1974,3,1.97151184082031,30.3225803375244
1974-04-01,1974,4,2.49479579925537,38.3202743530273
1974-05-01,1974,5,6.12966585159302,146.42658996582
1974-06-01,1974,6,8.60963249206543,170.211547851562
1974-07-01,1974,7,10.5792531967163,210.942291259766
1974-08-01,1974,8,13.3769025802612,94.7813873291016
1974-09-01,1974,9,8.56819915771484,94.6521835327148
1974-10-01,1974,10,-0.975103139877319,169.581954956055
1974-11-01,1974,11,-1.22937715053558,88.686882019043
1974-12-01,1974,12,-1.32744860649109,251.820892333984
1975-01-01,1975,1,-1.45213794708252,75.4881439208984
1975-02-01,1975,2,-3.49560594558716,22.2386932373047
1975-03-01,1975,3,-1.16164553165436,78.0699234008789
1975-04-01,1975,4,1.54025673866272,78.2161178588867
1975-05-01,1975,5,8.12386322021484,72.1733016967773
1975-06-01,1975,6,9.38311386108398,167.224197387695
1975-07-01,1975,7,13.1216793060303,163.865493774414
1975-08-01,1975,8,13.0348482131958,104.68822479248
1975-09-01,1975,9,11.8064107894897,54.4618492126465
1975-10-01,1975,10,4.19281387329102,54.493408203125
1975-11-01,1975,11,-1.87325298786163,71.1678085327148
1975-12-01,1975,12,-4.04014015197754,32.5079307556152
1976-01-01,1976,1,-5.26427698135376,310.027648925781
1976-02-01,1976,2,-3.16681933403015,7.50646829605103
1976-03-01,1976,3,-4.89759874343872,19.5466117858887
1976-04-01,1976,4,2.27368974685669,41.6157875061035
1976-05-01,1976,5,8.0787296295166,72.9884567260742
1976-06-01,1976,6,11.8358564376831,42.3819427490234
1976-07-01,1976,7,14.1667633056641,194.68505859375
1976-08-01,1976,8,9.99094200134277,67.7409591674805
1976-09-01,1976,9,7.49206161499023,47.2021102905273
1976-10-01,1976,10,6.35236692428589,53.2512054443359
1976-11-01,1976,11,-0.396331429481506,87.1839141845703
1976-12-01,1976,12,-6.10275888442993,74.1498947143555
1977-01-01,1977,1,-4.05301809310913,60.2347183227539
1977-02-01,1977,2,-1.8930436372757,84.5713043212891
1977-03-01,1977,3,1.78892934322357,62.3101196289062
1977-04-01,1977,4,0.682684779167175,95.7245407104492
1977-05-01,1977,5,7.27786827087402,24.7143249511719
1977-06-01,1977,6,11.2845916748047,108.666717529297
1977-07-01,1977,7,11.8012790679932,170.840667724609
1977-08-01,1977,8,11.5941963195801,125.464408874512
1977-09-01,1977,9,6.64258193969727,61.229923248291
1977-10-01,1977,10,6.34032964706421,49.0053672790527
1977-11-01,1977,11,-0.61031436920166,211.359558105469
1977-12-01,1977,12,-2.52734279632568,106.010581970215
1978-01-01,1978,1,-4.59854507446289,104.645599365234
1978-02-01,1978,2,-6.06588125228882,28.5797119140625
1978-03-01,1978,3,-0.761777400970459,84.5507583618164
1978-04-01,1978,4,1.27078723907471,19.9717788696289
1978-05-01,1978,5,5.45461845397949,94.5579071044922
1978-06-01,1978,6,9.65489768981934,131.578231811523
1978-07-01,1978,7,10.7214574813843,130.789810180664
1978-08-01,1978,8,9.85893249511719,91.0828018188477
1978-09-01,1978,9,7.26984024047852,101.012474060059
1978-10-01,1978,10,4.29786062240601,66.5786361694336
1978-11-01,1978,11,1.64164125919342,23.7528095245361
1978-12-01,1978,12,-3.18142676353455,190.801559448242
1979-01-01,1979,1,-8.21538639068604,66.8747634887695
1979-02-01,1979,2,-4.98164224624634,63.1970176696777
1979-03-01,1979,3,-0.719415664672852,161.396331787109
1979-04-01,1979,4,0.516710638999939,107.151786804199
1979-05-01,1979,5,7.80545568466187,40.3315086364746
1979-06-01,1979,6,12.5747518539429,179.911483764648
1979-07-01,1979,7,9.65456295013428,78.8060684204102
1979-08-01,1979,8,10.9267520904541,124.64315032959
1979-09-01,1979,9,8.70894432067871,106.14436340332
1979-10-01,1979,10,3.92287731170654,33.9121208190918
1979-11-01,1979,11,-1.81583607196808,109.27368927002
1979-12-01,1979,12,-1.1557297706604,188.639953613281
1980-01-01,1980,1,-6.3342342376709,74.1943740844727
1980-02-01,1980,2,-2.62270593643188,95.7767944335938
1980-03-01,1980,3,-2.53146505355835,50.3726119995117
1980-04-01,1980,4,-0.48920950293541,139.194488525391
1980-05-01,1980,5,4.14755058288574,41.1927375793457
1980-06-01,1980,6,9.13495922088623,150.46403503418
1980-07-01,1980,7,9.65223598480225,238.928237915039
1980-08-01,1980,8,11.7196378707886,89.0357284545898
1980-09-01,1980,9,8.84163951873779,39.7169570922852
1980-10-01,1980,10,2.71380567550659,78.6437683105469
1980-11-01,1980,11,-2.48842120170593,65.5656890869141
1980-12-01,1980,12,-5.14112329483032,91.2436676025391
1981-01-01,1981,1,-6.91973829269409,198.170623779297
1981-02-01,1981,2,-5.9339771270752,51.7023696899414
1981-03-01,1981,3,1.44196248054504,92.9071578979492
1981-04-01,1981,4,2.16602063179016,44.7457237243652
1981-05-01,1981,5,7.84614896774292,82.3502502441406
1981-06-01,1981,6,10.7951774597168,45.6520652770996
1981-07-01,1981,7,11.2634286880493,184.165832519531
1981-08-01,1981,8,11.6916837692261,79.2627563476562
1981-09-01,1981,9,9.45663070678711,72.0066833496094
1981-10-01,1981,10,3.36397290229797,211.28955078125
1981-11-01,1981,11,-1.47874081134796,124.991020202637
1981-12-01,1981,12,-6.79383087158203,172.883377075195
1982-01-01,1982,1,-5.01100301742554,93.8707046508789
1982-02-01,1982,2,-4.96929359436035,18.4200973510742
1982-03-01,1982,3,-1.43235564231873,65.8893432617188
1982-04-01,1982,4,-0.590029716491699,56.2918434143066
1982-05-01,1982,5,7.87186002731323,53.5290451049805
1982-06-01,1982,6,11.2886734008789,117.952865600586
1982-07-01,1982,7,13.6922655105591,157.50666809082
1982-08-01,1982,8,12.3805866241455,128.83381652832
1982-09-01,1982,9,12.0721521377563,21.7996711730957
1982-10-01,1982,10,5.23688983917236,41.6518592834473
1982-11-01,1982,11,1.22759246826172,42.7142639160156
1982-12-01,1982,12,-2.0416271686554,171.274398803711
1983-01-01,1983,1,-1.9627103805542,153.653228759766
1983-02-01,1983,2,-7.57821893692017,45.5967903137207
1983-03-01,1983,3,-1.20018768310547,40.8586692810059
1983-04-01,1983,4,3.95688652992249,118.207077026367
1983-05-01,1983,5,7.557213306427,81.493522644043
1983-06-01,1983,6,11.1569089889526,151.665557861328
1983-07-01,1983,7,15.9859619140625,48.770263671875
1983-08-01,1983,8,12.7747259140015,130.470062255859
1983-09-01,1983,9,9.15042400360107,46.430549621582
1983-10-01,1983,10,4.10978174209595,61.1942901611328
1983-11-01,1983,11,-1.52982723712921,117.129035949707
1983-12-01,1983,12,-4.03367614746094,65.9141693115234
1984-01-01,1984,1,-5.00807046890259,179.193161010742
1984-02-01,1984,2,-6.40437126159668,99.6185684204102
1984-03-01,1984,3,-3.79191899299622,27.784252166748
1984-04-01,1984,4,0.999458432197571,57.1614303588867
1984-05-01,1984,5,5.59255695343018,84.451171875
1984-06-01,1984,6,8.63233280181885,78.5640182495117
1984-07-01,1984,7,10.7614088058472,107.96639251709
1984-08-01,1984,8,11.9616079330444,47.2148895263672
1984-09-01,1984,9,7.31787300109863,220.455917358398
1984-10-01,1984,10,5.55332088470459,34.1436386108398
1984-11-01,1984,11,1.34102821350098,91.0182876586914
1984-12-01,1984,12,-3.01413822174072,27.9562091827393
1985-01-01,1985,1,-9.12589168548584,75.984733581543
1985-02-01,1985,2,-8.69339847564697,45.4257164001465
1985-03-01,1985,3,-2.21735048294067,47.8854026794434
1985-04-01,1985,4,1.66739821434021,99.936164855957
1985-05-01,1985,5,8.50317001342773,89.7663040161133
1985-06-01,1985,6,7.8128809928894,109.148056030273
1985-07-01,1985,7,12.7154712677002,100.220779418945
1985-08-01,1985,8,12.0295906066895,202.548553466797
1985-09-01,1985,9,8.87351703643799,55.3497924804688
1985-10-01,1985,10,4.78438997268677,18.5835361480713
1985-11-01,1985,11,-4.1868052482605,132.146774291992
1985-12-01,1985,12,-0.208435729146004,64.2058715820312
1986-01-01,1986,1,-5.81527519226074,221.001113891602
1986-02-01,1986,2,-10.7351675033569,11.1723070144653
1986-03-01,1986,3,-2.10184693336487,81.2231826782227
1986-04-01,1986,4,3.21906971931458,48.1021423339844
1986-05-01,1986,5,9.70346927642822,144.038040161133
1986-06-01,1986,6,10.0139026641846,59.7811698913574
1986-07-01,1986,7,11.5187931060791,73.4987182617188
1986-08-01,1986,8,11.7715120315552,128.74333190918
1986-09-01,1986,9,7.62404251098633,29.9245223999023
1986-10-01,1986,10,5.03626108169556,164.318374633789
1986-11-01,1986,11,1.0214546918869,33.7297210693359
1986-12-01,1986,12,-3.06293892860413,202.788619995117
1987-01-01,1987,1,-9.27639675140381,119.478271484375
1987-02-01,1987,2,-4.24168586730957,62.4041404724121
1987-03-01,1987,3,-7.36951017379761,108.419799804688
1987-04-01,1987,4,2.9273829460144,34.2102546691895
1987-05-01,1987,5,4.87124919891357,127.071746826172
1987-06-01,1987,6,9.57387733459473,110.910057067871
1987-07-01,1987,7,12.6106977462769,153.620498657227
1987-08-01,1987,8,10.2942447662354,84.4117889404297
1987-09-01,1987,9,10.5900926589966,109.505302429199
1987-10-01,1987,10,4.35971927642822,23.7539196014404
1987-11-01,1987,11,-0.554677724838257,85.0619125366211
1987-12-01,1987,12,-2.61677289009094,79.6863784790039
1988-01-01,1988,1,-1.4786159992218,106.390991210938
1988-02-01,1988,2,-4.04607772827148,146.631622314453
1988-03-01,1988,3,-3.90838122367859,222.406051635742
1988-04-01,1988,4,2.38751840591431,25.1333866119385
1988-05-01,1988,5,8.50774669647217,38.4236145019531
1988-06-01,1988,6,9.83130550384521,113.173309326172
1988-07-01,1988,7,12.7913036346436,95.6222763061523
1988-08-01,1988,8,12.3338308334351,129.566024780273
1988-09-01,1988,9,8.15867614746094,64.4773941040039
1988-10-01,1988,10,5.61049365997314,61.3403930664062
1988-11-01,1988,11,-2.89639186859131,74.2630233764648
1988-12-01,1988,12,-3.22792887687683,202.445648193359
1989-01-01,1989,1,-0.799314141273499,38.4042816162109
1989-02-01,1989,2,-0.386976420879364,79.8145065307617
1989-03-01,1989,3,1.49134576320648,55.7321090698242
1989-04-01,1989,4,2.99898052215576,94.1827087402344
1989-05-01,1989,5,7.93379306793213,50.3448295593262
1989-06-01,1989,6,9.23390674591064,82.6199188232422
1989-07-01,1989,7,12.5207252502441,120.50399017334
1989-08-01,1989,8,12.0266456604004,100.165191650391
1989-09-01,1989,9,9.4805154800415,101.178398132324
1989-10-01,1989,10,5.81200838088989,72.4374237060547
1989-11-01,1989,11,-1.26099753379822,43.0114974975586
1989-12-01,1989,12,-1.14327383041382,151.657211303711
1990-01-01,1990,1,-2.47494769096375,46.6506538391113
1990-02-01,1990,2,0.0361487977206707,172.125411987305
1990-03-01,1990,3,1.26857888698578,46.1138763427734
1990-04-01,1990,4,0.891351163387299,60.6674194335938
1990-05-01,1990,5,7.98696851730347,37.4684371948242
1990-06-01,1990,6,9.91636943817139,91.2748489379883
1990-07-01,1990,7,10.4463586807251,55.6677932739258
1990-08-01,1990,8,12.1368465423584,76.9581527709961
1990-09-01,1990,9,5.1776442527771,109.006271362305
1990-10-01,1990,10,4.60639953613281,77.0930404663086
1990-11-01,1990,11,-1.19349074363708,163.123626708984
1990-12-01,1990,12,-5.66501379013062,84.4284362792969
1991-01-01,1991,1,-4.5353856086731,59.2791900634766
1991-02-01,1991,2,-7.36001443862915,27.7647361755371
1991-03-01,1991,3,1.14453566074371,42.7789993286133
1991-04-01,1991,4,0.739993989467621,28.4600467681885
1991-05-01,1991,5,3.35364651679993,66.0232391357422
1991-06-01,1991,6,8.68802356719971,158.898330688477
1991-07-01,1991,7,12.9708051681519,170.145172119141
1991-08-01,1991,8,12.2998886108398,76.4799041748047
1991-09-01,1991,9,9.10453987121582,33.2239608764648
1991-10-01,1991,10,2.22174525260925,30.0451564788818
1991-11-01,1991,11,-0.877678632736206,90.9452362060547
1991-12-01,1991,12,-5.12851285934448,135.320678710938
1992-01-01,1992,1,-4.03782987594604,43.1003303527832
1992-02-01,1992,2,-3.42461228370667,72.4583740234375
1992-03-01,1992,3,-1.63990485668182,134.582992553711
1992-04-01,1992,4,0.653526127338409,56.4116401672363
1992-05-01,1992,5,7.28098487854004,27.8690452575684
1992-06-01,1992,6,10.9529266357422,74.7909317016602
1992-07-01,1992,7,13.4625453948975,67.2818374633789
1992-08-01,1992,8,14.9999666213989,47.6117668151855
1992-09-01,1992,9,8.08001804351807,65.2016906738281
1992-10-01,1992,10,1.84139847755432,157.287170410156
1992-11-01,1992,11,-0.310910522937775,107.660743713379
1992-12-01,1992,12,-2.9574613571167,63.1321029663086
1993-01-01,1993,1,-2.92744088172913,125.626098632812
1993-02-01,1993,2,-4.64128017425537,73.9190826416016
1993-03-01,1993,3,-4.03659915924072,44.196044921875
1993-04-01,1993,4,3.1191303730011,42.1842842102051
1993-05-01,1993,5,9.38508796691895,90.3461761474609
1993-06-01,1993,6,9.96022796630859,141.516098022461
1993-07-01,1993,7,10.7179679870605,158.755416870117
1993-08-01,1993,8,11.3272161483765,69.5976181030273
1993-09-01,1993,9,7.40451908111572,71.8153762817383
1993-10-01,1993,10,3.20828032493591,52.1892395019531
1993-11-01,1993,11,-3.81664419174194,41.9750099182129
1993-12-01,1993,12,-2.39223861694336,283.735961914062
1994-01-01,1994,1,-2.70478510856628,128.188323974609
1994-02-01,1994,2,-5.77639484405518,26.8577690124512
1994-03-01,1994,3,-0.0510142706334591,138.427536010742
1994-04-01,1994,4,1.27946138381958,71.0188903808594
1994-05-01,1994,5,6.92491626739502,50.2317237854004
1994-06-01,1994,6,10.1346206665039,66.5451049804688
1994-07-01,1994,7,15.4101066589355,104.075561523438
1994-08-01,1994,8,12.6314382553101,99.2422866821289
1994-09-01,1994,9,7.96222352981567,67.0988693237305
1994-10-01,1994,10,2.29313349723816,78.4190292358398
1994-11-01,1994,11,1.33880519866943,56.9029579162598
1994-12-01,1994,12,-2.74236941337585,155.718292236328
1995-01-01,1995,1,-5.77173614501953,264.677947998047
1995-02-01,1995,2,-1.66614210605621,78.1016235351562
1995-03-01,1995,3,-3.1697051525116,163.494506835938
1995-04-01,1995,4,2.09761142730713,103.929267883301
1995-05-01,1995,5,6.72524070739746,78.5256423950195
1995-06-01,1995,6,8.58855533599854,152.96159362793
1995-07-01,1995,7,14.4440813064575,71.0407791137695
1995-08-01,1995,8,10.9983501434326,122.918914794922
1995-09-01,1995,9,6.6651496887207,139.664245605469
1995-10-01,1995,10,7.03036165237427,15.5437488555908
1995-11-01,1995,11,-2.17387533187866,113.526336669922
1995-12-01,1995,12,-5.64982891082764,82.6511535644531
1996-01-01,1996,1,-5.25886583328247,25.0565223693848
1996-02-01,1996,2,-7.02591228485107,56.4272003173828
1996-03-01,1996,3,-5.41292953491211,33.4782371520996
1996-04-01,1996,4,2.53685140609741,41.3126449584961
1996-05-01,1996,5,6.62648916244507,116.461479187012
1996-06-01,1996,6,10.6518039703369,111.441955566406
1996-07-01,1996,7,9.53462982177734,150.456344604492
1996-08-01,1996,8,11.2299404144287,92.9951095581055
1996-09-01,1996,9,3.82772898674011,81.3986740112305
1996-10-01,1996,10,4.16692590713501,98.9060287475586
1996-11-01,1996,11,-0.237427607178688,102.983543395996
1996-12-01,1996,12,-6.52582836151123,39.2212944030762
1997-01-01,1997,1,-4.0284276008606,12.4169893264771
1997-02-01,1997,2,-2.49159646034241,157.147094726562
1997-03-01,1997,3,-0.907778203487396,93.0761413574219
1997-04-01,1997,4,-1.86846137046814,107.477668762207
1997-05-01,1997,5,7.65974998474121,90.3838958740234
1997-06-01,1997,6,10.1574554443359,69.1331787109375
1997-07-01,1997,7,10.8684453964233,186.882781982422
1997-08-01,1997,8,12.6338014602661,52.3257064819336
1997-09-01,1997,9,8.53516864776611,27.9243564605713
1997-10-01,1997,10,1.80282974243164,107.436737060547
1997-11-01,1997,11,-0.767749726772308,38.5939636230469
1997-12-01,1997,12,-2.35489988327026,104.663177490234
1998-01-01,1998,1,-2.51261305809021,69.0658721923828
1998-02-01,1998,2,-0.279897212982178,23.9232807159424
1998-03-01,1998,3,-2.86042714118958,134.811538696289
1998-04-01,1998,4,3.30725431442261,39.0091743469238
1998-05-01,1998,5,7.90300226211548,57.8533020019531
1998-06-01,1998,6,11.6283483505249,129.057113647461
1998-07-01,1998,7,11.2178907394409,105.579170227051
1998-08-01,1998,8,11.2417240142822,72.01220703125
1998-09-01,1998,9,7.82570743560791,182.181549072266
1998-10-01,1998,10,4.35225391387939,298.005126953125
1998-11-01,1998,11,-4.06483221054077,110.703536987305
1998-12-01,1998,12,-5.46807765960693,69.0337219238281
1999-01-01,1999,1,-2.20695185661316,119.217079162598
1999-02-01,1999,2,-6.58527517318726,177.116806030273
1999-03-01,1999,3,-0.405895590782166,64.3094024658203
1999-04-01,1999,4,2.75447678565979,37.1665191650391
1999-05-01,1999,5,8.41806221008301,66.4291687011719
1999-06-01,1999,6,10.2436952590942,65.7060470581055
1999-07-01,1999,7,13.4509592056274,121.210350036621
1999-08-01,1999,8,11.5209674835205,81.5921859741211
1999-09-01,1999,9,11.2892436981201,73.0943756103516
1999-10-01,1999,10,3.21767330169678,29.2992935180664
1999-11-01,1999,11,-2.26438236236572,47.9180068969727
1999-12-01,1999,12,-5.70864534378052,179.353149414062
2000-01-01,2000,1,-7.70742082595825,103.466461181641
2000-02-01,2000,2,-3.25372576713562,112.879951477051
2000-03-01,2000,3,-2.15211248397827,194.644256591797
2000-04-01,2000,4,4.41706323623657,34.0938301086426
2000-05-01,2000,5,9.7691068649292,116.201522827148
2000-06-01,2000,6,12.2966032028198,84.8477096557617
2000-07-01,2000,7,10.1061563491821,132.204895019531
2000-08-01,2000,8,13.1925411224365,54.1490783691406
2000-09-01,2000,9,8.56283664703369,64.4435272216797
2000-10-01,2000,10,6.0024938583374,71.7994155883789
2000-11-01,2000,11,0.701462388038635,40.1930923461914
2000-12-01,2000,12,-1.13254845142365,73.1291961669922
2001-01-01,2001,1,-4.53478002548218,49.4633674621582
2001-02-01,2001,2,-3.11326932907104,71.7300415039062
2001-03-01,2001,3,-1.08464527130127,166.995391845703
2001-04-01,2001,4,1.59135770797729,86.363166809082
2001-05-01,2001,5,9.43498992919922,70.162223815918
2001-06-01,2001,6,9.25555801391602,128.214431762695
2001-07-01,2001,7,13.0108337402344,109.261711120605
2001-08-01,2001,8,13.7582502365112,140.647659301758
2001-09-01,2001,9,6.16515970230103,130.407287597656
2001-10-01,2001,10,8.28597068786621,37.8714790344238
2001-11-01,2001,11,-2.14799213409424,128.740600585938
2001-12-01,2001,12,-8.06059265136719,159.118469238281
2002-01-01,2002,1,-2.83103537559509,68.2033233642578
2002-02-01,2002,2,-0.745168745517731,220.815994262695
2002-03-01,2002,3,-0.545445501804352,144.810012817383
2002-04-01,2002,4,2.37070894241333,53.2595481872559
2002-05-01,2002,5,10.3150434494019,59.2693290710449
2002-06-01,2002,6,13.2005634307861,110.170021057129
2002-07-01,2002,7,13.5200147628784,104.368988037109
2002-08-01,2002,8,13.1030321121216,268.243347167969
2002-09-01,2002,9,6.16699600219727,101.656860351562
2002-10-01,2002,10,2.94532203674316,166.539245605469
2002-11-01,2002,11,0.110668003559113,99.868522644043
2002-12-01,2002,12,-3.43281745910645,114.121879577637
2003-01-01,2003,1,-5.9196891784668,155.892990112305
2003-02-01,2003,2,-7.19315910339355,45.9274520874023
2003-03-01,2003,3,-1.76926648616791,19.0897426605225
2003-04-01,2003,4,1.55742716789246,45.0883026123047
2003-05-01,2003,5,9.49746131896973,85.6946487426758
2003-06-01,2003,6,13.206374168396,126.376846313477
2003-07-01,2003,7,12.8660497665405,83.436882019043
2003-08-01,2003,8,13.7919511795044,25.902229309082
2003-09-01,2003,9,8.7515172958374,28.1604385375977
2003-10-01,2003,10,-0.549421429634094,138.802551269531
2003-11-01,2003,11,1.29807138442993,21.719554901123
2003-12-01,2003,12,-3.20450186729431,117.223678588867
2004-01-01,2004,1,-7.74641752243042,150.769577026367
2004-02-01,2004,2,-4.7802472114563,77.5275192260742
2004-03-01,2004,3,-2.59968495368958,79.0313339233398
2004-04-01,2004,4,2.8077609539032,69.2818832397461
2004-05-01,2004,5,5.19522094726562,78.8346939086914
2004-06-01,2004,6,9.88858604431152,119.244422912598
2004-07-01,2004,7,11.3756866455078,66.2517242431641
2004-08-01,2004,8,12.9719982147217,74.6339263916016
2004-09-01,2004,9,8.05034923553467,98.8718490600586
2004-10-01,2004,10,4.97239637374878,57.60107421875
2004-11-01,2004,11,-1.16124033927917,126.371681213379
2004-12-01,2004,12,-2.8258798122406,46.6444816589355
2005-01-01,2005,1,-4.98071670532227,141.963043212891
2005-02-01,2005,2,-7.51596975326538,137.559997558594
2005-03-01,2005,3,-3.30899143218994,54.0217666625977
2005-04-01,2005,4,3.27299761772156,58.1783065795898
2005-05-01,2005,5,7.32609033584595,83.0479507446289
2005-06-01,2005,6,10.4631328582764,78.3180847167969
2005-07-01,2005,7,12.8234338760376,226.248001098633
2005-08-01,2005,8,10.101900100708,137.235717773438
2005-09-01,2005,9,8.72969722747803,85.4474411010742
2005-10-01,2005,10,5.40320253372192,22.4137268066406
2005-11-01,2005,11,-1.6904422044754,68.6207504272461
2005-12-01,2005,12,-5.58352899551392,85.1719207763672
2006-01-01,2006,1,-6.20740699768066,85.8663024902344
2006-02-01,2006,2,-7.49950265884399,108.715171813965
2006-03-01,2006,3,-4.81767559051514,139.326400756836
2006-04-01,2006,4,2.20671463012695,108.383110046387
2006-05-01,2006,5,7.18484449386597,151.584396362305
2006-06-01,2006,6,11.5037660598755,91.2545166015625
2006-07-01,2006,7,15.8017148971558,111.060165405273
2006-08-01,2006,8,9.07127571105957,185.704208374023
2006-09-01,2006,9,10.7534685134888,32.4621696472168
2006-10-01,2006,10,6.90989351272583,31.5439186096191
2006-11-01,2006,11,1.55612099170685,84.2277984619141
2006-12-01,2006,12,-0.738595187664032,69.3234329223633
2007-01-01,2007,1,-2.45649385452271,201.791946411133
2007-02-01,2007,2,-2.16467142105103,101.164016723633
2007-03-01,2007,3,0.298441708087921,109.889701843262
2007-04-01,2007,4,5.32047367095947,6.56037092208862
2007-05-01,2007,5,8.75745677947998,143.410873413086
2007-06-01,2007,6,12.0194578170776,83.1928939819336
2007-07-01,2007,7,12.4172868728638,161.32373046875
2007-08-01,2007,8,11.4354982376099,74.1833190917969
2007-09-01,2007,9,6.48263835906982,180.026138305664
2007-10-01,2007,10,3.01846361160278,36.9897842407227
2007-11-01,2007,11,-2.62312436103821,155.137832641602
2007-12-01,2007,12,-2.8651647567749,128.220260620117
2008-01-01,2008,1,-2.15856289863586,60.6352882385254
2008-02-01,2008,2,-1.82226240634918,99.8849792480469
2008-03-01,2008,3,-2.05533814430237,187.18244934082
2008-04-01,2008,4,2.1937415599823,72.8368453979492
2008-05-01,2008,5,8.58057498931885,38.7123985290527
2008-06-01,2008,6,11.9195547103882,66.9235229492188
2008-07-01,2008,7,12.0516347885132,137.261413574219
2008-08-01,2008,8,11.1873865127563,104.921180725098
2008-09-01,2008,9,6.48434019088745,95.3909759521484
2008-10-01,2008,10,4.38612651824951,66.0416488647461
2008-11-01,2008,11,-0.517872869968414,69.5936889648438
2008-12-01,2008,12,-3.71868133544922,44.8742141723633
2009-01-01,2009,1,-6.07651948928833,25.7035350799561
2009-02-01,2009,2,-5.1167516708374,93.8054733276367
2009-03-01,2009,3,-2.32269906997681,131.358383178711
2009-04-01,2009,4,6.63835334777832,72.5474166870117
2009-05-01,2009,5,7.28567790985107,150.885437011719
2009-06-01,2009,6,9.19333076477051,239.630706787109
2009-07-01,2009,7,11.8039388656616,213.358184814453
2009-08-01,2009,8,12.4517097473145,89.6904983520508
2009-09-01,2009,9,8.99129676818848,47.7718811035156
2009-10-01,2009,10,2.30013394355774,101.606910705566
2009-11-01,2009,11,2.45544505119324,71.7114486694336
2009-12-01,2009,12,-4.25329399108887,81.7143096923828
2010-01-01,2010,1,-8.56051254272461,72.3379058837891
2010-02-01,2010,2,-5.07485485076904,56.5160865783691
2010-03-01,2010,3,-2.33340883255005,86.9111862182617
2010-04-01,2010,4,2.9489369392395,28.605562210083
2010-05-01,2010,5,6.32489204406738,123.466156005859
2010-06-01,2010,6,10.8896608352661,152.743789672852
2010-07-01,2010,7,14.6550149917603,181.973434448242
2010-08-01,2010,8,11.147518157959,180.026763916016
2010-09-01,2010,9,6.18392705917358,73.6177978515625
2010-10-01,2010,10,2.36369204521179,28.8326416015625
2010-11-01,2010,11,-0.0446364060044289,74.8906631469727
2010-12-01,2010,12,-7.31095170974731,115.900428771973
2011-01-01,2011,1,-4.03832483291626,74.5094146728516
2011-02-01,2011,2,-4.69165277481079,32.1276245117188
2011-03-01,2011,3,-0.299950510263443,32.1926040649414
2011-04-01,2011,4,5.33016633987427,42.0159301757812
2011-05-01,2011,5,8.24788284301758,119.887130737305
2011-06-01,2011,6,11.1243801116943,118.494842529297
2011-07-01,2011,7,10.6037044525146,155.105682373047
2011-08-01,2011,8,12.1954250335693,67.7779998779297
2011-09-01,2011,9,9.85956287384033,57.7888603210449
2011-10-01,2011,10,3.92410373687744,67.0384979248047
2011-11-01,2011,11,1.5391309261322,1.05952370166779
2011-12-01,2011,12,-1.88397908210754,188.669235229492
2012-01-01,2012,1,-4.37950086593628,183.728576660156
2012-02-01,2012,2,-9.80931663513184,37.2068557739258
2012-03-01,2012,3,0.475404024124146,17.6732139587402
2012-04-01,2012,4,2.70712757110596,73.5172500610352
2012-05-01,2012,5,8.69709777832031,85.3772964477539
2012-06-01,2012,6,11.0093460083008,136.435592651367
2012-07-01,2012,7,12.3881931304932,177.623565673828
2012-08-01,2012,8,12.9349870681763,168.425170898438
2012-09-01,2012,9,8.33982467651367,77.5654602050781
2012-10-01,2012,10,3.7131724357605,60.4001617431641
2012-11-01,2012,11,0.119287200272083,62.010311126709
2012-12-01,2012,12,-3.703617811203,144.449356079102
2013-01-01,2013,1,-4.98135137557983,113.113410949707
2013-02-01,2013,2,-6.36188316345215,83.6680068969727
2013-03-01,2013,3,-5.20922088623047,37.5173645019531
2013-04-01,2013,4,3.22952675819397,51.9517250061035
2013-05-01,2013,5,5.96838665008545,135.349761962891
2013-06-01,2013,6,10.5202083587646,206.388656616211
2013-07-01,2013,7,14.5727615356445,29.3568134307861
2013-08-01,2013,8,12.574236869812,102.129684448242
2013-09-01,2013,9,7.36365747451782,68.8312377929688
2013-10-01,2013,10,4.97663545608521,56.4177551269531
2013-11-01,2013,11,-0.47946685552597,77.4649276733398
2013-12-01,2013,12,-0.609357297420502,47.6115913391113
2014-01-01,2014,1,-1.33744716644287,25.0114345550537
2014-02-01,2014,2,-1.45993649959564,14.406569480896
2014-03-01,2014,3,1.54061472415924,41.5578765869141
2014-04-01,2014,4,4.69807481765747,56.7755088806152
2014-05-01,2014,5,6.52975034713745,161.605194091797
2014-06-01,2014,6,10.9809370040894,52.620418548584
2014-07-01,2014,7,13.9947175979614,165.417098999023
2014-08-01,2014,8,10.4519052505493,131.894302368164
2014-09-01,2014,9,9.48130989074707,101.390647888184
2014-10-01,2014,10,6.70965909957886,92.7916107177734
2014-11-01,2014,11,2.30046939849854,18.506383895874
2014-12-01,2014,12,-2.76326990127563,88.7803649902344
2015-01-01,2015,1,-3.24147987365723,122.217597961426
2015-02-01,2015,2,-4.14816856384277,9.72615146636963
2015-03-01,2015,3,-0.997497022151947,115.669219970703
2015-04-01,2015,4,2.84815955162048,52.6501655578613
2015-05-01,2015,5,7.60710191726685,91.5596160888672
2015-06-01,2015,6,11.3919363021851,93.7782745361328
2015-07-01,2015,7,15.2719659805298,50.5639915466309
2015-08-01,2015,8,16.4913177490234,16.0684852600098
2015-09-01,2015,9,7.43401527404785,32.6159706115723
2015-10-01,2015,10,4.09421539306641,56.2069625854492
2015-11-01,2015,11,2.60086035728455,175.99772644043
2015-12-01,2015,12,1.53143548965454,25.2746200561523
2016-01-01,2016,1,-4.06521034240723,140.578460693359
2016-02-01,2016,2,-1.90468835830688,131.814498901367
2016-03-01,2016,3,-1.66357445716858,38.928352355957
2016-04-01,2016,4,2.94488859176636,54.7878074645996
2016-05-01,2016,5,7.67476224899292,77.5376205444336
2016-06-01,2016,6,11.8889007568359,151.270416259766
2016-07-01,2016,7,13.7472772598267,143.239883422852
2016-08-01,2016,8,12.3584718704224,48.0139236450195
2016-09-01,2016,9,10.6206302642822,65.5659561157227
2016-10-01,2016,10,3.04206156730652,97.5835494995117
2016-11-01,2016,11,-1.08073616027832,54.0264167785645
2016-12-01,2016,12,-2.40555787086487,38.5347862243652
2017-01-01,2017,1,-7.13285303115845,85.5177841186523
2017-02-01,2017,2,-1.38078022003174,52.2896270751953
2017-03-01,2017,3,0.987986624240875,76.9434814453125
2017-04-01,2017,4,1.27824234962463,107.926696777344
2017-05-01,2017,5,8.85570907592773,48.485050201416
2017-06-01,2017,6,13.3714017868042,74.0051956176758
2017-07-01,2017,7,13.5234699249268,96.5477905273438
2017-08-01,2017,8,14.0474472045898,96.9842758178711
2017-09-01,2017,9,6.75752782821655,65.890022277832
2017-10-01,2017,10,5.23939847946167,112.947212219238
2017-11-01,2017,11,-0.644630491733551,97.3214721679688
2017-12-01,2017,12,-3.69959044456482,117.416328430176
2018-01-01,2018,1,-1.92097198963165,149.546020507812
2018-02-01,2018,2,-8.62915802001953,21.0586986541748
2018-03-01,2018,3,-3.30956149101257,55.1604995727539
2018-04-01,2018,4,7.83961486816406,15.8671617507935
2018-05-01,2018,5,10.8467435836792,171.426513671875
2018-06-01,2018,6,12.4872665405273,152.862457275391
2018-07-01,2018,7,14.054368019104,87.282356262207
2018-08-01,2018,8,14.7761011123657,69.0778961181641
2018-09-01,2018,9,8.94216537475586,67.7324905395508
2018-10-01,2018,10,4.92655944824219,45.0266876220703
2018-11-01,2018,11,0.254505634307861,30.5298194885254
2018-12-01,2018,12,-2.14532017707825,229.302551269531
2019-01-01,2019,1,-6.57586145401001,145.126693725586
2019-02-01,2019,2,-2.15213084220886,54.6476936340332
2019-03-01,2019,3,0.332328647375107,149.913299560547
2019-04-01,2019,4,4.11294794082642,16.8311672210693
2019-05-01,2019,5,5.09159231185913,101.143051147461
2019-06-01,2019,6,15.0471096038818,104.303382873535
2019-07-01,2019,7,13.864764213562,54.763053894043
2019-08-01,2019,8,13.1853952407837,80.7343978881836
2019-09-01,2019,9,8.22444152832031,42.8202323913574
2019-10-01,2019,10,5.51395225524902,92.0097045898438
2019-11-01,2019,11,0.428714066743851,65.0040130615234
2019-12-01,2019,12,-1.56218910217285,84.2803421020508
2020-01-01,2020,1,-1.56128859519958,55.987232208252
2020-02-01,2020,2,-1.12130105495453,210.377029418945
2020-03-01,2020,3,-1.47155773639679,57.0067977905273
2020-04-01,2020,4,4.28438472747803,28.1950569152832
2020-05-01,2020,5,5.67536926269531,99.0013656616211
2020-06-01,2020,6,11.1551141738892,140.226806640625
2020-07-01,2020,7,12.5698642730713,70.0916595458984
2020-08-01,2020,8,13.3517951965332,159.79118347168
2020-09-01,2020,9,8.84141540527344,45.7937431335449
2020-10-01,2020,10,3.97565746307373,100.530738830566
2020-11-01,2020,11,1.1425302028656,27.473991394043
2020-12-01,2020,12,-2.14302372932434,62.8601760864258
